run,rep,ts,measure,n_object_min,n_object_avg,n_object_max,bytes_used,bytes_free,lru_nuked
tre-20260922-002958,1,2026-09-22T00:46:17+00:00,620,5050.0,5220.2,5399.0,134183575.2,34152.3,26096.0
tre-20260922-002958,2,2026-09-22T01:02:06+00:00,620,5100.0,5227.6,5365.0,134190058.5,27669.5,26149.0
tre-20260922-002958,3,2026-09-22T01:17:55+00:00,620,5140.0,5245.8,5368.0,134184332.9,33395.1,26031.0
tre-20260922-002958,4,2026-09-22T01:33:44+00:00,620,5187.0,5281.0,5364.0,134190350.5,27377.5,25970.0
tre-20260922-002958,5,2026-09-22T01:49:34+00:00,620,5032.0,5245.7,5395.0,134181246.2,36481.8,26077.0
tre-20260922-015010,1,2026-09-22T02:06:28+00:00,620,5093.0,5266.9,5410.0,134175780.5,41947.5,32532.0
tre-20260922-015010,2,2026-09-22T02:22:17+00:00,620,5109.0,5272.7,5396.0,134185898.6,31829.4,32957.0
tre-20260922-015010,3,2026-09-22T02:38:07+00:00,620,5174.0,5289.1,5424.0,134187325.7,30402.3,32577.0
tre-20260922-015010,4,2026-09-22T02:53:56+00:00,620,5200.0,5294.4,5403.0,134185123.4,32604.6,32668.0
tre-20260922-015010,5,2026-09-22T03:09:45+00:00,620,5147.0,5286.5,5450.0,134189045.6,28682.4,32364.0
