scope,class,miss_share13,se13,miss_share30,se30,factor,fold,direction,reps13,reps30,runs
0.02,human,0.2300,0.0009,0.2306,0.0007,0.9974,1.0026,up,5,5,tre-20260928-150154+tre-20260928-162206
0.02,exhaustive,0.8356,0.0014,0.8252,0.0009,1.0126,1.0126,down,5,5,tre-20260928-150154+tre-20260928-162206
0.02,agentic,0.1830,0.0008,0.0448,0.0007,4.0848,4.0848,down,5,5,tre-20260928-150154+tre-20260928-162206
0.06,human,0.2304,0.0017,0.2390,0.0008,0.9640,1.0373,up,5,5,tre-20260929-064412+tre-20260929-080424
0.06,exhaustive,0.8284,0.0004,0.8022,0.0006,1.0327,1.0327,down,5,5,tre-20260929-064412+tre-20260929-080424
0.06,agentic,0.3828,0.0022,0.2310,0.0016,1.6571,1.6571,down,5,5,tre-20260929-064412+tre-20260929-080424
0.20,human,0.2336,0.0018,0.2470,0.0011,0.9457,1.0574,up,5,5,tre-20260929-092436+tre-20260929-104448
0.20,exhaustive,0.8230,0.0007,0.7882,0.0008,1.0442,1.0442,down,5,5,tre-20260929-092436+tre-20260929-104448
0.20,agentic,0.5382,0.0056,0.4666,0.0012,1.1535,1.1535,down,5,5,tre-20260929-092436+tre-20260929-104448
