step,term,value
0-12,new agentic requests,2.155
0-12,agentic requests already present,0.000
0-12,human class,0.132
0-12,exhaustive class,-1.030
0-12,sum of terms,1.257
0-12,measured,1.238
0-12,measured_se,0.153
0-12,closure_pct,1.57
12-36,new agentic requests,1.066
12-36,agentic requests already present,-1.622
12-36,human class,0.263
12-36,exhaustive class,-0.596
12-36,sum of terms,-0.889
12-36,measured,-0.846
12-36,measured_se,0.126
12-36,closure_pct,5.10
0-36,net,0.392
0-36,net_se,0.158
0-36,net_ci95_lo,0.021
0-36,net_ci95_hi,0.763
