quantity,value
window_from_utc,2026-08-12T00:00:00+00:00
window_to_utc_excluded,2026-09-22T00:00:00+00:00
first_request_utc,2026-08-12T14:43:48+00:00
last_request_utc,2026-09-21T23:59:54+00:00
requests,520871
clients,53271
clients_c3,53271
connections,314735
lines_read,539758
lines_without_url_or_ip,1290
lines_without_valid_timestamp,0
lines_outside_window,17597
window_s,143
min_requests_per_client,5
requests_agent,13086
requests_training,70220
requests_search,63982
requests_other-bot,226542
requests_browser,119380
requests_unknown,27661
