series,scope,point,run,rep,alpha,beta,origin_rps,h_zipf,h_agent,h_trav
scen,0.02,S12,tre-20260928-150154,1,0.2947,0.1263,38.07,0.773,0.817,0.163
scen,0.02,S12,tre-20260928-150154,2,0.2947,0.1263,38.05,0.77,0.82,0.17
scen,0.02,S12,tre-20260928-150154,3,0.2947,0.1263,38.47,0.767,0.815,0.163
scen,0.02,S12,tre-20260928-150154,4,0.2947,0.1263,38.3,0.77,0.816,0.162
scen,0.02,S12,tre-20260928-150154,5,0.2947,0.1263,38.25,0.77,0.817,0.164
scen,0.02,S36,tre-20260928-162206,1,0.2353,0.3025,37.37,0.769,0.956,0.175
scen,0.02,S36,tre-20260928-162206,2,0.2353,0.3025,37.56,0.768,0.955,0.172
scen,0.02,S36,tre-20260928-162206,3,0.2353,0.3025,37.35,0.77,0.955,0.176
scen,0.02,S36,tre-20260928-162206,4,0.2353,0.3025,37.52,0.768,0.953,0.177
scen,0.02,S36,tre-20260928-162206,5,0.2353,0.3025,37.17,0.772,0.957,0.174
scen,0.06,S12,tre-20260929-064412,1,0.2947,0.1263,40.47,0.769,0.621,0.171
scen,0.06,S12,tre-20260929-064412,2,0.2947,0.1263,40.62,0.767,0.614,0.171
scen,0.06,S12,tre-20260929-064412,3,0.2947,0.1263,40.42,0.769,0.62,0.173
scen,0.06,S12,tre-20260929-064412,4,0.2947,0.1263,40.22,0.776,0.61,0.171
scen,0.06,S12,tre-20260929-064412,5,0.2947,0.1263,40.61,0.767,0.621,0.172
scen,0.06,S36,tre-20260929-080424,1,0.2353,0.3025,43.91,0.762,0.769,0.196
scen,0.06,S36,tre-20260929-080424,2,0.2353,0.3025,43.7,0.761,0.774,0.199
scen,0.06,S36,tre-20260929-080424,3,0.2353,0.3025,43.84,0.762,0.769,0.197
scen,0.06,S36,tre-20260929-080424,4,0.2353,0.3025,44.26,0.758,0.764,0.198
scen,0.06,S36,tre-20260929-080424,5,0.2353,0.3025,43.79,0.762,0.769,0.199
scen,0.20,S12,tre-20260929-092436,1,0.2947,0.1263,42.57,0.763,0.454,0.177
scen,0.20,S12,tre-20260929-092436,2,0.2947,0.1263,41.94,0.772,0.463,0.179
scen,0.20,S12,tre-20260929-092436,3,0.2947,0.1263,42.22,0.765,0.481,0.178
scen,0.20,S12,tre-20260929-092436,4,0.2947,0.1263,42.41,0.769,0.448,0.175
scen,0.20,S12,tre-20260929-092436,5,0.2947,0.1263,42.6,0.763,0.463,0.176
scen,0.20,S36,tre-20260929-104448,1,0.2353,0.3025,52.71,0.751,0.529,0.213
scen,0.20,S36,tre-20260929-104448,2,0.2353,0.3025,52.5,0.752,0.533,0.21
scen,0.20,S36,tre-20260929-104448,3,0.2353,0.3025,52.25,0.757,0.535,0.21
scen,0.20,S36,tre-20260929-104448,4,0.2353,0.3025,52.47,0.751,0.535,0.214
scen,0.20,S36,tre-20260929-104448,5,0.2353,0.3025,52.31,0.754,0.535,0.212
replica,0.02,C12,tre-20260925-213527,1,0.2947,0.1263,36.64,0.779,0.879,0.174
replica,0.02,C12,tre-20260925-213527,2,0.2947,0.1263,37.07,0.772,0.883,0.172
replica,0.02,C12,tre-20260925-213527,3,0.2947,0.1263,36.89,0.781,0.885,0.169
replica,0.02,C12,tre-20260925-213527,4,0.2947,0.1263,36.93,0.775,0.885,0.172
replica,0.02,C12,tre-20260925-213527,5,0.2947,0.1263,36.45,0.782,0.887,0.173
replica,0.02,S12,tre-20260925-225538,1,0.2947,0.1263,37.38,0.773,0.822,0.177
replica,0.02,S12,tre-20260925-225538,2,0.2947,0.1263,37.88,0.771,0.813,0.179
replica,0.02,S12,tre-20260925-225538,3,0.2947,0.1263,37.41,0.774,0.819,0.179
replica,0.02,S12,tre-20260925-225538,4,0.2947,0.1263,38.14,0.769,0.814,0.179
replica,0.02,S12,tre-20260925-225538,5,0.2947,0.1263,37.58,0.773,0.817,0.18
replica,0.02,S36,tre-20260926-001550,1,0.2353,0.3025,36.68,0.771,0.953,0.2
replica,0.02,S36,tre-20260926-001550,2,0.2353,0.3025,36.74,0.77,0.956,0.196
replica,0.02,S36,tre-20260926-001550,3,0.2353,0.3025,36.66,0.773,0.954,0.199
replica,0.02,S36,tre-20260926-001550,4,0.2353,0.3025,36.68,0.768,0.954,0.2
replica,0.02,S36,tre-20260926-001550,5,0.2353,0.3025,36.77,0.77,0.958,0.198
replica,0.02,P0,tre-20260926-013602,1,0.3373,0.0000,36.31,0.775,0,0.141
replica,0.02,P0,tre-20260926-013602,2,0.3373,0.0000,36.2,0.777,0,0.14
replica,0.02,P0,tre-20260926-013602,3,0.3373,0.0000,36.79,0.773,0,0.136
replica,0.02,P0,tre-20260926-013602,4,0.3373,0.0000,36.64,0.772,0,0.144
replica,0.02,P0,tre-20260926-013602,5,0.3373,0.0000,36.4,0.773,0,0.149
replica,0.02,C36,tre-20260926-025613,1,0.2353,0.3025,35.66,0.779,0.975,0.19
replica,0.02,C36,tre-20260926-025613,2,0.2353,0.3025,35.91,0.773,0.972,0.193
replica,0.02,C36,tre-20260926-025613,3,0.2353,0.3025,35.91,0.778,0.973,0.193
replica,0.02,C36,tre-20260926-025613,4,0.2353,0.3025,35.72,0.777,0.975,0.195
replica,0.02,C36,tre-20260926-025613,5,0.2353,0.3025,35.97,0.776,0.972,0.191
