# commit f684b05; ESPLORATIVO, non pre-registrato; stato SIMULATO; LRU, sessioni del generatore; varianti GLOB/OWN/SCEN (tools/sim/esplora_artefatto.py)
section,quantity,variant,value,se,note,stato
A1,m_0.02,GLOB,-0.045089,0.003342,,SIMULATO
A1,m_0.06,GLOB,0.164718,0.004166,,SIMULATO
A1,m_0.20,GLOB,0.446054,0.003376,,SIMULATO
A1,ordering_and_sign,GLOB,0.000000,0.000000,ordinamento True; cambio di segno True,SIMULATO
A1,m_0.02,OWN,-0.031339,0.002683,,SIMULATO
A1,m_0.06,OWN,0.148723,0.003471,,SIMULATO
A1,m_0.20,OWN,0.429074,0.003026,,SIMULATO
A1,ordering_and_sign,OWN,0.000000,0.000000,ordinamento True; cambio di segno True,SIMULATO
A1,m_0.02,SCEN,-0.030841,0.002233,,SIMULATO
A1,m_0.06,SCEN,0.149956,0.002248,,SIMULATO
A1,m_0.20,SCEN,0.430750,0.002727,,SIMULATO
A1,ordering_and_sign,SCEN,0.000000,0.000000,ordinamento True; cambio di segno True,SIMULATO
A1,dm_0.02_vs_GLOB,OWN,0.013751,0.004286,,SIMULATO
A1,dm_0.06_vs_GLOB,OWN,-0.015995,0.005422,,SIMULATO
A1,dm_0.20_vs_GLOB,OWN,-0.016980,0.004534,,SIMULATO
A1,dm_0.02_vs_GLOB,SCEN,0.014248,0.004019,,SIMULATO
A1,dm_0.06_vs_GLOB,SCEN,-0.014762,0.004734,,SIMULATO
A1,dm_0.20_vs_GLOB,SCEN,-0.015303,0.004340,,SIMULATO
A3,d12,GLOB,0.881452,0.071608,,SIMULATO
A3,d36,GLOB,0.838790,0.080619,,SIMULATO
A3,d12,OWN,0.889032,0.058585,,SIMULATO
A3,d36,OWN,0.857581,0.067883,,SIMULATO
A3,d12,SCEN,0.887903,0.044836,,SIMULATO
A3,d36,SCEN,0.851613,0.057000,,SIMULATO
A7,marginal_A7_00_A7_14,GLOB,0.965241,0.002901,,SIMULATO
A7,marginal_A7_14_A7_28,GLOB,0.993141,0.003809,,SIMULATO
A7,marginal_A7_28_A7_42,GLOB,0.995479,0.004145,,SIMULATO
A7,elasticity_42_14,GLOB,1.084093,0.000000,miss_e 14 0.796298; 42 0.863261,SIMULATO
A7,marginal_A7_00_A7_14,OWN,0.968412,0.002904,,SIMULATO
A7,marginal_A7_14_A7_28,OWN,1.004740,0.003298,,SIMULATO
A7,marginal_A7_28_A7_42,OWN,1.009003,0.003835,,SIMULATO
A7,elasticity_42_14,OWN,1.089391,0.000000,miss_e 14 0.799786; 42 0.871280,SIMULATO
A7,marginal_A7_00_A7_14,SCEN,0.968553,0.002731,,SIMULATO
A7,marginal_A7_14_A7_28,SCEN,1.003811,0.002659,,SIMULATO
A7,marginal_A7_28_A7_42,SCEN,1.005965,0.002332,,SIMULATO
A7,elasticity_42_14,SCEN,1.089536,0.000000,miss_e 14 0.799897; 42 0.871516,SIMULATO
previsione,origin_C12,SCEN,37.168289,0.166570,"lab 36.796000; k 0.990854; variazione 0.375726±0.056674; IC95 [36.841813, 37.494766]; miss_e lab 0.828000 -> 0.841864",SIMULATO
previsione,origin_S12,SCEN,38.056769,0.215184,"lab 37.678000; k 0.991080; variazione 0.382177±0.062657; IC95 [37.635008, 38.478529]; miss_e lab 0.821200 -> 0.834656",SIMULATO
previsione,origin_S36,SCEN,37.425623,0.078639,"lab 36.706000; k 0.993800; variazione 0.724113±0.073339; IC95 [37.271490, 37.579756]; miss_e lab 0.801400 -> 0.829617",SIMULATO
previsione,origin_P0,SCEN,36.325389,0.165915,"lab 36.468000; k 0.996271; variazione -0.143145±0.063956; IC95 [36.000194, 36.650583]; miss_e lab 0.858000 -> 0.856980",SIMULATO
previsione,origin_C36,SCEN,36.540123,0.107882,"lab 35.834000; k 0.992736; variazione 0.711290±0.066104; IC95 [36.328675, 36.751572]; miss_e lab 0.807600 -> 0.835792",SIMULATO
previsione,m_0.02,SCEN,-0.026299,0.009546,"IC95 [-0.045010, -0.007588]",SIMULATO
previsione,d12,SCEN,0.888479,0.272121,"IC95 [0.355122, 1.421836]",SIMULATO
previsione,d36,SCEN,0.885500,0.133502,"IC95 [0.623837, 1.147163]",SIMULATO
previsione,net_S36_P0,SCEN,1.100235,0.183608,"IC95 [0.740362, 1.460107]",SIMULATO
