# commit ef89c24; docs/PREREG-simulatore-fase1.md; stato SIMULATO
# fonte: dati del lab dalla copia locale ~/undertow-backup/lab-20260928 (integrita' in SHA256SUMS), letti con un finto ssh (verifica/ssh-shim) al posto di ssh lab; testi, points.csv e JSON di k6 identici a quelli del lab al 28 set; emendamento 1 in 5c9597a
point,seed,H,req_human,req_agentic,req_exhaustive,miss_human,miss_agentic,miss_exhaustive,miss_share_human,miss_share_agentic,miss_share_exhaustive,origin_rps,n_object_avg,body_bytes_per_req,stato
S12,1,512,34297,7371,17232,7938,1351,14212,0.231449,0.183286,0.824745,37.904839,5239.863,24970.706,SIMULATO
S12,2,512,34120,7459,17321,7952,1392,14266,0.233060,0.186620,0.823625,38.080645,5243.434,24862.959,SIMULATO
S12,3,512,34010,7574,17316,7740,1378,14299,0.227580,0.181938,0.825768,37.769355,5201.963,24903.821,SIMULATO
S12,4,512,34076,7447,17377,7970,1358,14450,0.233889,0.182355,0.831559,38.351613,5171.231,25177.640,SIMULATO
S12,5,512,34016,7483,17401,7789,1402,14371,0.228980,0.187358,0.825872,38.003226,5158.700,25236.810,SIMULATO
S12,6,512,34243,7446,17211,7884,1441,14192,0.230237,0.193527,0.824589,37.930645,5207.785,24987.890,SIMULATO
S12,7,512,34062,7399,17439,7782,1338,14386,0.228466,0.180835,0.824933,37.912903,5200.255,24977.795,SIMULATO
S12,8,512,33953,7422,17525,7783,1337,14403,0.229229,0.180140,0.821854,37.940323,5215.795,24963.358,SIMULATO
S12,9,512,33984,7550,17366,7735,1368,14365,0.227607,0.181192,0.827191,37.851613,5191.965,25046.697,SIMULATO
S12,10,512,33862,7432,17606,7971,1368,14510,0.235397,0.184069,0.824151,38.466129,5178.129,25027.251,SIMULATO
S12,11,512,34145,7456,17299,7915,1376,14302,0.231806,0.184549,0.826753,38.053226,5201.585,24959.543,SIMULATO
S12,12,512,34139,7413,17348,7937,1389,14335,0.232491,0.187374,0.826320,38.162903,5197.771,25042.354,SIMULATO
S12,13,512,34016,7469,17415,7614,1390,14317,0.223836,0.186103,0.822107,37.614516,5218.077,25015.460,SIMULATO
S12,14,512,33834,7478,17588,7796,1401,14527,0.230419,0.187350,0.825961,38.264516,5184.429,24994.442,SIMULATO
S12,15,512,34208,7268,17424,7923,1347,14341,0.231612,0.185333,0.823060,38.082258,5160.823,25204.233,SIMULATO
S12,16,512,34183,7307,17410,7960,1426,14379,0.232864,0.195155,0.825905,38.330645,5181.956,24970.970,SIMULATO
S12,17,512,34117,7320,17463,7857,1370,14364,0.230296,0.187158,0.822539,38.050000,5226.708,24989.349,SIMULATO
S12,18,512,34095,7367,17438,7855,1409,14366,0.230386,0.191258,0.823833,38.112903,5224.342,24881.580,SIMULATO
S12,19,512,34133,7415,17352,7929,1328,14290,0.232297,0.179096,0.823536,37.979032,5206.373,24900.093,SIMULATO
S12,20,512,34260,7381,17259,7778,1332,14128,0.227029,0.180463,0.818587,37.480645,5218.681,25072.947,SIMULATO
S36,1,512,34207,22163,17410,8146,1007,13929,0.238138,0.045436,0.800057,37.229032,5206.082,24437.829,SIMULATO
S36,2,512,34068,22466,17246,7955,989,13805,0.233504,0.044022,0.800475,36.691935,5238.476,24319.778,SIMULATO
S36,3,512,33943,22522,17315,7928,992,13881,0.233568,0.044046,0.801675,36.775806,5254.445,24182.424,SIMULATO
S36,4,512,33992,22326,17462,8136,1041,13968,0.239350,0.046627,0.799908,37.330645,5203.147,24382.457,SIMULATO
S36,5,512,33972,22382,17426,7866,944,13984,0.231544,0.042177,0.802479,36.764516,5212.144,24429.958,SIMULATO
S36,6,512,34133,22290,17357,8009,1094,13794,0.234641,0.049080,0.794723,36.930645,5199.898,24422.873,SIMULATO
S36,7,512,34135,22144,17501,7918,998,13994,0.231961,0.045069,0.799611,36.951613,5246.034,24399.583,SIMULATO
S36,8,512,34006,22312,17462,7935,1040,13914,0.233341,0.046612,0.796816,36.917742,5235.832,24304.255,SIMULATO
S36,9,512,33924,22343,17513,7968,1027,14038,0.234878,0.045965,0.801576,37.150000,5216.810,24411.443,SIMULATO
S36,10,512,33953,22236,17591,8128,1060,14063,0.239390,0.047670,0.799443,37.501613,5190.685,24399.758,SIMULATO
S36,11,512,34248,22303,17229,7907,941,13732,0.230875,0.042192,0.797028,36.419355,5246.018,24279.140,SIMULATO
S36,12,512,34004,22349,17427,8007,999,13909,0.235472,0.044700,0.798129,36.959677,5230.187,24311.912,SIMULATO
S36,13,512,34022,22386,17372,7827,964,13858,0.230057,0.043063,0.797720,36.530645,5204.221,24430.128,SIMULATO
S36,14,512,33949,22387,17444,7934,965,13996,0.233703,0.043105,0.802339,36.927419,5253.181,24232.304,SIMULATO
S36,15,512,34175,22142,17463,7993,1058,14011,0.233884,0.047782,0.802325,37.196774,5223.432,24379.249,SIMULATO
S36,16,512,34148,22308,17324,8097,972,13855,0.237115,0.043572,0.799758,36.974194,5213.589,24231.533,SIMULATO
S36,17,512,33970,22431,17379,7833,1001,13870,0.230586,0.044626,0.798090,36.619355,5213.811,24412.145,SIMULATO
S36,18,512,34072,22343,17365,7959,1012,13861,0.233594,0.045294,0.798215,36.825806,5253.465,24280.391,SIMULATO
S36,19,512,34114,22331,17335,7977,1027,13898,0.233834,0.045990,0.801731,36.938710,5203.689,24323.207,SIMULATO
S36,20,512,34190,22244,17346,8171,1037,13772,0.238988,0.046619,0.793958,37.064516,5205.308,24471.790,SIMULATO
C12,1,512,34297,7371,17232,7733,884,14315,0.225472,0.119929,0.830722,36.987097,5208.521,25277.707,SIMULATO
C12,2,512,34120,7459,17321,7733,891,14359,0.226641,0.119453,0.828994,37.069355,5213.808,25129.600,SIMULATO
C12,3,512,34010,7574,17316,7504,922,14396,0.220641,0.121732,0.831370,36.809677,5164.155,25180.470,SIMULATO
C12,4,512,34076,7447,17377,7745,876,14530,0.227286,0.117631,0.836163,37.340323,5135.889,25485.975,SIMULATO
C12,5,512,34016,7483,17401,7591,923,14509,0.223160,0.123346,0.833803,37.133871,5128.003,25461.229,SIMULATO
C12,6,512,34243,7446,17211,7721,947,14324,0.225477,0.127182,0.832258,37.083871,5169.990,25280.882,SIMULATO
C12,7,512,34062,7399,17439,7613,904,14550,0.223504,0.122179,0.834337,37.204839,5163.568,25331.919,SIMULATO
C12,8,512,33953,7422,17525,7548,848,14529,0.222307,0.114255,0.829044,36.975806,5192.829,25217.246,SIMULATO
C12,9,512,33984,7550,17366,7603,916,14514,0.223723,0.121325,0.835771,37.150000,5152.047,25354.681,SIMULATO
C12,10,512,33862,7432,17606,7746,871,14640,0.228752,0.117196,0.831535,37.511290,5149.323,25306.950,SIMULATO
C12,11,512,34145,7456,17299,7742,883,14400,0.226739,0.118428,0.832418,37.137097,5170.113,25228.363,SIMULATO
C12,12,512,34139,7413,17348,7770,883,14473,0.227599,0.119115,0.834275,37.300000,5162.761,25285.444,SIMULATO
C12,13,512,34016,7469,17415,7424,882,14437,0.218250,0.118088,0.828998,36.682258,5187.008,25259.386,SIMULATO
C12,14,512,33834,7478,17588,7580,926,14649,0.224035,0.123830,0.832897,37.346774,5151.213,25272.281,SIMULATO
C12,15,512,34208,7268,17424,7758,896,14514,0.226789,0.123280,0.832989,37.367742,5123.565,25509.199,SIMULATO
C12,16,512,34183,7307,17410,7760,903,14497,0.227013,0.123580,0.832682,37.354839,5149.584,25245.596,SIMULATO
C12,17,512,34117,7320,17463,7713,876,14469,0.226075,0.119672,0.828552,37.190323,5191.194,25257.071,SIMULATO
C12,18,512,34095,7367,17438,7689,892,14453,0.225517,0.121080,0.828822,37.151613,5181.923,25232.289,SIMULATO
C12,19,512,34133,7415,17352,7777,851,14396,0.227844,0.114767,0.829645,37.135484,5168.569,25200.900,SIMULATO
C12,20,512,34260,7381,17259,7640,883,14281,0.223001,0.119631,0.827452,36.780645,5181.476,25355.746,SIMULATO
C36,1,512,34207,22163,17410,7766,617,14123,0.227030,0.027839,0.811200,36.300000,5156.376,25113.503,SIMULATO
C36,2,512,34068,22466,17246,7577,612,14010,0.222408,0.027241,0.812362,35.804839,5188.006,24980.239,SIMULATO
C36,3,512,33943,22522,17315,7536,598,14039,0.222019,0.026552,0.810800,35.762903,5207.121,24902.971,SIMULATO
C36,4,512,33992,22326,17462,7721,642,14146,0.227142,0.028756,0.810102,36.304839,5153.748,25123.076,SIMULATO
C36,5,512,33972,22382,17426,7556,594,14177,0.222418,0.026539,0.813554,36.011290,5156.123,25145.753,SIMULATO
C36,6,512,34133,22290,17357,7693,687,14053,0.225383,0.030821,0.809645,36.182258,5147.045,25107.310,SIMULATO
C36,7,512,34135,22144,17501,7541,628,14202,0.220917,0.028360,0.811496,36.082258,5197.552,25079.036,SIMULATO
C36,8,512,34006,22312,17462,7628,650,14114,0.224313,0.029132,0.808269,36.116129,5182.111,25040.323,SIMULATO
C36,9,512,33924,22343,17513,7735,635,14188,0.228010,0.028421,0.810141,36.383871,5163.953,25183.451,SIMULATO
C36,10,512,33953,22236,17591,7790,638,14236,0.229435,0.028692,0.809277,36.554839,5132.579,25102.155,SIMULATO
C36,11,512,34248,22303,17229,7583,589,13952,0.221414,0.026409,0.809797,35.683871,5193.327,24938.491,SIMULATO
C36,12,512,34004,22349,17427,7688,624,14070,0.226091,0.027921,0.807368,36.100000,5179.658,25014.965,SIMULATO
C36,13,512,34022,22386,17372,7516,628,14050,0.220916,0.028053,0.808773,35.796774,5151.371,25068.504,SIMULATO
C36,14,512,33949,22387,17444,7577,611,14119,0.223188,0.027293,0.809390,35.979032,5197.694,24920.682,SIMULATO
C36,15,512,34175,22142,17463,7641,663,14221,0.223584,0.029943,0.814350,36.330645,5177.566,25003.553,SIMULATO
C36,16,512,34148,22308,17324,7772,614,14107,0.227598,0.027524,0.814304,36.279032,5160.987,24955.315,SIMULATO
C36,17,512,33970,22431,17379,7540,632,14091,0.221961,0.028175,0.810806,35.908065,5155.492,24995.095,SIMULATO
C36,18,512,34072,22343,17365,7680,595,14020,0.225405,0.026630,0.807371,35.959677,5200.448,24993.945,SIMULATO
C36,19,512,34114,22331,17335,7652,608,14045,0.224307,0.027227,0.810211,35.975806,5151.090,25093.841,SIMULATO
C36,20,512,34190,22244,17346,7896,689,13988,0.230945,0.030975,0.806411,36.408065,5153.271,25186.586,SIMULATO
P0,1,512,34198,0,17262,7850,0,14830,0.229546,nan,0.859113,36.580645,5163.360,25544.370,SIMULATO
P0,2,512,34109,0,17351,7911,0,14939,0.231933,nan,0.860988,36.854839,5152.011,25429.129,SIMULATO
P0,3,512,34178,0,17282,7748,0,14810,0.226696,nan,0.856961,36.383871,5133.339,25409.694,SIMULATO
P0,4,512,34177,0,17283,7821,0,14874,0.228838,nan,0.860614,36.604839,5123.266,25538.067,SIMULATO
P0,5,512,33926,0,17534,7569,0,15094,0.223103,nan,0.860842,36.553226,5156.419,25540.372,SIMULATO
P0,6,512,34278,0,17182,7662,0,14678,0.223525,nan,0.854266,36.032258,5222.271,25213.812,SIMULATO
P0,7,512,34031,0,17429,7656,0,14990,0.224971,nan,0.860061,36.525806,5139.958,25549.833,SIMULATO
P0,8,512,33970,0,17490,7713,0,15048,0.227053,nan,0.860377,36.711290,5158.656,25376.928,SIMULATO
P0,9,512,34098,0,17362,7728,0,14923,0.226641,nan,0.859521,36.533871,5144.629,25572.259,SIMULATO
P0,10,512,33840,0,17620,7777,0,15241,0.229817,nan,0.864983,37.125806,5141.519,25486.969,SIMULATO
P0,11,512,34068,0,17392,7765,0,14828,0.227926,nan,0.852576,36.440323,5149.600,25568.326,SIMULATO
P0,12,512,34124,0,17336,7824,0,14867,0.229281,nan,0.857580,36.598387,5158.956,25498.989,SIMULATO
P0,13,512,33956,0,17504,7587,0,15067,0.223436,nan,0.860775,36.538710,5156.566,25421.811,SIMULATO
P0,14,512,33840,0,17620,7650,0,15224,0.226064,nan,0.864018,36.893548,5155.118,25468.301,SIMULATO
P0,15,512,33960,0,17500,7833,0,15033,0.230654,nan,0.859029,36.880645,5118.034,25718.891,SIMULATO
P0,16,512,34138,0,17322,7823,0,14889,0.229158,nan,0.859543,36.632258,5117.561,25524.151,SIMULATO
P0,17,512,33996,0,17464,7739,0,14993,0.227644,nan,0.858509,36.664516,5194.197,25254.967,SIMULATO
P0,18,512,34081,0,17379,7687,0,14894,0.225551,nan,0.857011,36.420968,5201.463,25294.706,SIMULATO
P0,19,512,34079,0,17381,7799,0,14981,0.228851,nan,0.861918,36.741935,5109.197,25582.158,SIMULATO
P0,20,512,34159,0,17301,7719,0,14832,0.225973,nan,0.857291,36.372581,5140.218,25656.984,SIMULATO
S12_006,1,512,34297,7371,17232,8018,2815,14061,0.233781,0.381902,0.815982,40.151613,5236.074,25094.262,SIMULATO
S12_006,2,512,34120,7459,17321,8029,2924,14110,0.235317,0.392010,0.814618,40.424194,5233.871,25007.684,SIMULATO
S12_006,3,512,34010,7574,17316,7847,2872,14148,0.230726,0.379192,0.817048,40.108065,5186.076,25101.117,SIMULATO
S12_006,4,512,34076,7447,17377,8053,2936,14311,0.236325,0.394253,0.823560,40.806452,5160.397,25384.495,SIMULATO
S12_006,5,512,34016,7483,17401,7850,2811,14240,0.230774,0.375651,0.818344,40.162903,5158.460,25377.110,SIMULATO
S12_006,6,512,34243,7446,17211,7975,2972,14030,0.232894,0.399140,0.815176,40.285484,5206.266,25116.577,SIMULATO
S12_006,7,512,34062,7399,17439,7881,2784,14331,0.231372,0.376267,0.821779,40.316129,5197.182,25121.201,SIMULATO
S12_006,8,512,33953,7422,17525,7852,2851,14247,0.231261,0.384128,0.812953,40.241935,5217.073,25081.731,SIMULATO
S12_006,9,512,33984,7550,17366,7871,2922,14196,0.231609,0.387020,0.817459,40.304839,5199.413,25152.072,SIMULATO
S12_006,10,512,33862,7432,17606,8047,2792,14390,0.237641,0.375673,0.817335,40.691935,5175.798,25148.802,SIMULATO
S12_006,11,512,34145,7456,17299,7995,2901,14149,0.234148,0.389083,0.817909,40.395161,5197.610,25092.571,SIMULATO
S12_006,12,512,34139,7413,17348,8032,2803,14181,0.235273,0.378120,0.817443,40.348387,5202.963,25137.577,SIMULATO
S12_006,13,512,34016,7469,17415,7702,2821,14212,0.226423,0.377694,0.816078,39.895161,5214.084,25139.949,SIMULATO
S12_006,14,512,33834,7478,17588,7896,2876,14350,0.233375,0.384595,0.815897,40.519355,5186.382,25101.239,SIMULATO
S12_006,15,512,34208,7268,17424,8018,2862,14231,0.234390,0.393781,0.816747,40.501613,5151.863,25408.195,SIMULATO
S12_006,16,512,34183,7307,17410,8049,2780,14260,0.235468,0.380457,0.819070,40.466129,5170.556,25117.451,SIMULATO
S12_006,17,512,34117,7320,17463,7932,2852,14248,0.232494,0.389617,0.815896,40.374194,5216.347,25145.388,SIMULATO
S12_006,18,512,34095,7367,17438,7953,2896,14240,0.233260,0.393104,0.816607,40.466129,5201.403,25097.633,SIMULATO
S12_006,19,512,34133,7415,17352,7982,2865,14152,0.233850,0.386379,0.815583,40.320968,5211.713,25057.060,SIMULATO
S12_006,20,512,34260,7381,17259,7861,2690,14024,0.229451,0.364449,0.812562,39.637097,5226.044,25170.569,SIMULATO
S36_006,1,512,34207,22163,17410,8359,5206,13963,0.244365,0.234896,0.802010,44.400000,5220.063,24690.498,SIMULATO
S36_006,2,512,34068,22466,17246,8212,5213,13890,0.241047,0.232040,0.805404,44.056452,5246.826,24594.615,SIMULATO
S36_006,3,512,33943,22522,17315,8147,5205,13806,0.240020,0.231107,0.797343,43.803226,5269.819,24462.924,SIMULATO
S36_006,4,512,33992,22326,17462,8412,5363,14051,0.247470,0.240213,0.804662,44.880645,5210.429,24722.188,SIMULATO
S36_006,5,512,33972,22382,17426,8195,5358,14104,0.241228,0.239389,0.809365,44.608065,5214.848,24761.366,SIMULATO
S36_006,6,512,34133,22290,17357,8319,5324,13866,0.243723,0.238852,0.798871,44.369355,5213.944,24698.840,SIMULATO
S36_006,7,512,34135,22144,17501,8189,5248,14118,0.239900,0.236994,0.806697,44.443548,5240.534,24719.946,SIMULATO
S36_006,8,512,34006,22312,17462,8227,5112,13938,0.241928,0.229114,0.798190,43.995161,5234.508,24618.154,SIMULATO
S36_006,9,512,33924,22343,17513,8248,5117,14100,0.243132,0.229020,0.805116,44.298387,5235.465,24710.633,SIMULATO
S36_006,10,512,33953,22236,17591,8417,5389,14183,0.247902,0.242355,0.806265,45.143548,5201.805,24738.627,SIMULATO
S36_006,11,512,34248,22303,17229,8174,5111,13774,0.238671,0.229162,0.799466,43.643548,5267.624,24516.548,SIMULATO
S36_006,12,512,34004,22349,17427,8245,5294,14017,0.242471,0.236879,0.804327,44.445161,5246.632,24639.138,SIMULATO
S36_006,13,512,34022,22386,17372,8096,5240,13956,0.237964,0.234075,0.803362,44.019355,5224.323,24724.140,SIMULATO
S36_006,14,512,33949,22387,17444,8199,5102,14131,0.241509,0.227900,0.810078,44.245161,5261.029,24519.307,SIMULATO
S36_006,15,512,34175,22142,17463,8231,5233,14097,0.240849,0.236338,0.807250,44.453226,5230.447,24687.436,SIMULATO
S36_006,16,512,34148,22308,17324,8350,5160,13935,0.244524,0.231307,0.804375,44.266129,5217.034,24502.618,SIMULATO
S36_006,17,512,33970,22431,17379,8122,5259,13778,0.239093,0.234452,0.792796,43.804839,5205.989,24745.757,SIMULATO
S36_006,18,512,34072,22343,17365,8296,5339,13862,0.243484,0.238956,0.798272,44.350000,5238.727,24637.766,SIMULATO
S36_006,19,512,34114,22331,17335,8218,5243,14039,0.240898,0.234786,0.809864,44.354839,5226.235,24677.565,SIMULATO
S36_006,20,512,34190,22244,17346,8370,5028,13819,0.244808,0.226038,0.796668,43.898387,5219.618,24814.218,SIMULATO
S12_020,1,512,34297,7371,17232,8086,3926,14011,0.235764,0.532628,0.813080,41.972581,5225.887,25232.007,SIMULATO
S12_020,2,512,34120,7459,17321,8112,4064,13990,0.237749,0.544845,0.807690,42.203226,5235.758,25100.619,SIMULATO
S12_020,3,512,34010,7574,17316,7912,4163,14119,0.232637,0.549644,0.815373,42.248387,5180.282,25203.684,SIMULATO
S12_020,4,512,34076,7447,17377,8078,4131,14197,0.237058,0.554720,0.816999,42.590323,5170.605,25442.351,SIMULATO
S12_020,5,512,34016,7483,17401,7872,4030,14154,0.231421,0.538554,0.813402,42.025806,5135.768,25558.938,SIMULATO
S12_020,6,512,34243,7446,17211,8117,4121,14005,0.237041,0.553452,0.813724,42.327419,5159.052,25380.841,SIMULATO
S12_020,7,512,34062,7399,17439,7948,4008,14201,0.233339,0.541695,0.814324,42.188710,5175.244,25319.741,SIMULATO
S12_020,8,512,33953,7422,17525,8003,4183,14210,0.235708,0.563595,0.810842,42.574194,5179.100,25335.096,SIMULATO
S12_020,9,512,33984,7550,17366,7929,4130,14193,0.233316,0.547020,0.817287,42.341935,5173.798,25314.427,SIMULATO
S12_020,10,512,33862,7432,17606,8114,4032,14340,0.239620,0.542519,0.814495,42.719355,5160.363,25307.259,SIMULATO
S12_020,11,512,34145,7456,17299,8034,4171,14058,0.235291,0.559415,0.812648,42.359677,5192.840,25244.092,SIMULATO
S12_020,12,512,34139,7413,17348,8109,4120,14129,0.237529,0.555780,0.814445,42.512903,5185.606,25328.168,SIMULATO
S12_020,13,512,34016,7469,17415,7767,3950,14119,0.228334,0.528853,0.810738,41.670968,5205.731,25293.296,SIMULATO
S12_020,14,512,33834,7478,17588,7955,3980,14300,0.235119,0.532228,0.813054,42.314516,5173.565,25236.177,SIMULATO
S12_020,15,512,34208,7268,17424,8086,4026,14180,0.236377,0.553935,0.813820,42.406452,5140.131,25488.383,SIMULATO
S12_020,16,512,34183,7307,17410,8156,3983,14172,0.238598,0.545094,0.814015,42.437097,5173.232,25186.587,SIMULATO
S12_020,17,512,34117,7320,17463,8015,4068,14173,0.234927,0.555738,0.811602,42.348387,5197.858,25268.786,SIMULATO
S12_020,18,512,34095,7367,17438,8027,3999,14134,0.235430,0.542826,0.810529,42.193548,5191.924,25192.427,SIMULATO
S12_020,19,512,34133,7415,17352,8035,4089,14087,0.235403,0.551450,0.811837,42.275806,5201.158,25151.607,SIMULATO
S12_020,20,512,34260,7381,17259,7951,3876,14014,0.232078,0.525132,0.811982,41.679032,5207.803,25299.463,SIMULATO
S36_020,1,512,34207,22163,17410,8599,10435,13806,0.251381,0.470830,0.792993,52.967742,5189.810,25089.820,SIMULATO
S36_020,2,512,34068,22466,17246,8520,10791,13646,0.250088,0.480326,0.791256,53.156452,5200.810,24976.303,SIMULATO
S36_020,3,512,33943,22522,17315,8430,10580,13755,0.248358,0.469763,0.794398,52.846774,5231.071,24837.525,SIMULATO
S36_020,4,512,33992,22326,17462,8675,10691,13825,0.255207,0.478859,0.791719,53.533871,5177.224,25088.927,SIMULATO
S36_020,5,512,33972,22382,17426,8305,10684,13747,0.244466,0.477348,0.788879,52.800000,5202.681,25132.361,SIMULATO
S36_020,6,512,34133,22290,17357,8541,10524,13715,0.250227,0.472140,0.790171,52.870968,5195.381,24960.727,SIMULATO
S36_020,7,512,34135,22144,17501,8402,10507,13809,0.246140,0.474485,0.789041,52.770968,5225.224,24995.549,SIMULATO
S36_020,8,512,34006,22312,17462,8448,10709,13841,0.248427,0.479966,0.792635,53.222581,5202.723,24980.983,SIMULATO
S36_020,9,512,33924,22343,17513,8482,10534,13912,0.250029,0.471468,0.794381,53.109677,5196.589,25100.385,SIMULATO
S36_020,10,512,33953,22236,17591,8631,10514,13998,0.254204,0.472837,0.795748,53.456452,5160.855,25113.185,SIMULATO
S36_020,11,512,34248,22303,17229,8462,10604,13603,0.247080,0.475452,0.789541,52.691935,5221.444,24902.412,SIMULATO
S36_020,12,512,34004,22349,17427,8487,10681,13699,0.249588,0.477918,0.786079,53.011290,5219.376,24949.779,SIMULATO
S36_020,13,512,34022,22386,17372,8301,10609,13769,0.243989,0.473912,0.792597,52.708065,5197.706,25108.983,SIMULATO
S36_020,14,512,33949,22387,17444,8463,10531,13827,0.249286,0.470407,0.792651,52.937097,5216.490,24969.286,SIMULATO
S36_020,15,512,34175,22142,17463,8502,10360,13892,0.248778,0.467889,0.795511,52.829032,5200.519,25059.724,SIMULATO
S36_020,16,512,34148,22308,17324,8519,10611,13734,0.249473,0.475659,0.792773,53.006452,5215.431,24868.741,SIMULATO
S36_020,17,512,33970,22431,17379,8358,10817,13736,0.246041,0.482234,0.790379,53.082258,5196.658,24990.948,SIMULATO
S36_020,18,512,34072,22343,17365,8444,10592,13677,0.247828,0.474063,0.787619,52.762903,5229.187,24928.552,SIMULATO
S36_020,19,512,34114,22331,17335,8408,10660,13829,0.246468,0.477363,0.797750,53.059677,5191.452,25036.702,SIMULATO
S36_020,20,512,34190,22244,17346,8597,10455,13599,0.251448,0.470014,0.783985,52.662903,5197.056,25126.758,SIMULATO
