# POST HOC, INTERPRETATIVO, non pre-registrato; tools/che_posthoc.py; docs/RISULTATO-che-posthoc.md
model,scope,point,T_s,origin_che,origin_lab,miss_h_che,miss_a_che,miss_e_che,miss_h_lab,miss_a_lab,miss_e_lab,agent_objects,lamT_agent_mean,lamT_agent_median,lamT_agent_reqweighted,m_che,m_lab,m_sim_scen
A,0.02,S12,110.212,34.078207,38.228000,0.228115,0.176981,0.693201,0.230000,0.183000,0.835600,1017,1.300280,0.788343,6.456696,-0.021804,-0.034751,-0.030841
A,0.02,S36,103.913,33.554928,37.394000,0.230917,0.040891,0.692202,0.230600,0.044800,0.825200,1017,3.678084,2.229976,18.263968,-0.021804,-0.034751,-0.030841
A,0.06,S12,104.604,36.650831,40.468000,0.230912,0.378314,0.693312,0.230400,0.382800,0.828400,3051,0.411369,0.249408,2.625527,0.172204,0.143006,0.149956
A,0.06,S36,88.039,40.783546,43.900000,0.239648,0.228761,0.691684,0.239000,0.231000,0.802200,3051,1.038741,0.629775,6.629672,0.172204,0.143006,0.149956
A,0.20,S12,100.614,38.807607,42.348000,0.233306,0.544852,0.694272,0.233600,0.538200,0.823000,10020,0.120480,0.072613,1.003654,0.466898,0.420851,0.430750
A,0.20,S36,76.899,50.012695,52.448000,0.247680,0.471530,0.693408,0.247000,0.466600,0.788200,10020,0.276265,0.166503,2.301407,0.466898,0.420851,0.430750
B,0.02,S12,104.414,38.387475,38.228000,0.230991,0.185865,0.837667,0.230000,0.183000,0.835600,1017,1.231864,0.746864,6.116970,-0.031056,-0.034751,-0.030841
B,0.02,S36,98.709,37.642168,37.394000,0.233663,0.045355,0.827038,0.230600,0.044800,0.825200,1017,3.493867,2.118288,17.349216,-0.031056,-0.034751,-0.030841
B,0.06,S12,99.706,40.703093,40.468000,0.233487,0.385267,0.830015,0.230400,0.382800,0.828400,3051,0.392107,0.237729,2.502590,0.148845,0.143006,0.149956
B,0.06,S36,84.909,44.275215,43.900000,0.241640,0.234916,0.804558,0.239000,0.231000,0.802200,3051,1.001806,0.607381,6.393936,0.148845,0.143006,0.149956
B,0.20,S12,96.318,42.652320,42.348000,0.235655,0.548088,0.825599,0.233600,0.538200,0.823000,10020,0.115337,0.069513,0.960805,0.428235,0.420851,0.430750
B,0.20,S36,74.933,52.929538,52.448000,0.249127,0.474157,0.791361,0.247000,0.466600,0.788200,10020,0.269203,0.162247,2.242574,0.428235,0.420851,0.430750
