# commit cea8d46; docs/PREREG-simulatore-fase2b.md; stato SIMULATO
# fonte: nessun dato del lab: books.csv, chapter_sizes.csv, honeypot_contiguity.csv dal repository
criterion,quantity,value,se,t,note,stato
R0b,rows_different,0,,,PASSA,SIMULATO
LRU_GLOB,miss_exh_P0,0.859299,0.000652,,"origin 36.604516 ± 0.052270; reuse 0.612874, median 204.265 s",SIMULATO
LRU_GLOB,miss_exh_S12,0.824644,0.000582,,"origin 38.017097 ± 0.053588; reuse 0.614272, median 211.600 s",SIMULATO
LRU_GLOB,miss_exh_S36,0.799303,0.000551,,"origin 36.935000 ± 0.059666; reuse 0.617945, median 284.941 s",SIMULATO
LRU_GLOB,delta_exh_S36_P0,-0.059996,0.000853,-70.324,,SIMULATO
LRU_GLOB,delta_exh_S12_P0,-0.034654,0.000874,-39.660,,SIMULATO
LRU_GLOB,net_S36_P0,0.330484,0.079323,4.166,"IC95 [0.169811, 0.491156] df 37.353",SIMULATO
LRU_GLOB,B2_exh_term_S12_S36,-0.706118,0.022434,,"req/s, rate configurati",SIMULATO
LRU_GLOB,m_0.02,-0.045089,0.003342,-13.493,,SIMULATO
LRU_OWN,miss_exh_P0,0.858766,0.000486,,"origin 36.573145 ± 0.038378; reuse 0.509695, median 603.552 s",SIMULATO
LRU_OWN,miss_exh_S12,0.838160,0.000549,,"origin 38.477097 ± 0.041830; reuse 0.509137, median 603.749 s",SIMULATO
LRU_OWN,miss_exh_S36,0.827231,0.000479,,"origin 37.725000 ± 0.048962; reuse 0.510050, median 603.552 s",SIMULATO
LRU_OWN,delta_exh_S36_P0,-0.031536,0.000683,-46.205,,SIMULATO
LRU_OWN,delta_exh_S12_P0,-0.020606,0.000733,-28.105,,SIMULATO
LRU_OWN,net_S36_P0,1.151855,0.062211,18.515,"IC95 [1.025680, 1.278030] df 35.949",SIMULATO
LRU_OWN,B2_exh_term_S12_S36,-0.302509,0.020399,,"req/s, rate configurati",SIMULATO
LRU_OWN,m_0.02,-0.031339,0.002683,-11.679,,SIMULATO
S3FIFO_GLOB,miss_exh_P0,0.823127,0.000615,,"origin 34.098790 ± 0.047857; reuse 0.612874, median 204.265 s",SIMULATO
S3FIFO_GLOB,miss_exh_S12,0.776724,0.000863,,"origin 33.656048 ± 0.057590; reuse 0.614272, median 211.600 s",SIMULATO
S3FIFO_GLOB,miss_exh_S36,0.741575,0.001081,,"origin 31.928952 ± 0.068135; reuse 0.617945, median 284.941 s",SIMULATO
S3FIFO_GLOB,delta_exh_S36_P0,-0.081552,0.001243,-65.585,,SIMULATO
S3FIFO_GLOB,delta_exh_S12_P0,-0.046403,0.001060,-43.779,,SIMULATO
S3FIFO_GLOB,net_S36_P0,-2.169839,0.083262,-26.060,"IC95 [-2.339034, -2.000643] df 34.077",SIMULATO
S3FIFO_GLOB,B2_exh_term_S12_S36,-0.980935,0.038735,,"req/s, rate configurati",SIMULATO
S3FIFO_GLOB,m_0.02,-0.071965,0.003717,-19.359,,SIMULATO
S3FIFO_OWN,miss_exh_P0,0.837288,0.000593,,"origin 34.374597 ± 0.037239; reuse 0.509695, median 603.552 s",SIMULATO
S3FIFO_OWN,miss_exh_S12,0.813236,0.000523,,"origin 34.351935 ± 0.045466; reuse 0.509137, median 603.749 s",SIMULATO
S3FIFO_OWN,miss_exh_S36,0.805896,0.000339,,"origin 33.262016 ± 0.039931; reuse 0.510050, median 603.552 s",SIMULATO
S3FIFO_OWN,delta_exh_S36_P0,-0.031393,0.000683,-45.970,,SIMULATO
S3FIFO_OWN,delta_exh_S12_P0,-0.024053,0.000790,-30.434,,SIMULATO
S3FIFO_OWN,net_S36_P0,-1.112581,0.054600,-20.377,"IC95 [-1.223130, -1.002031] df 37.816",SIMULATO
S3FIFO_OWN,B2_exh_term_S12_S36,-0.202102,0.017446,,"req/s, rate configurati",SIMULATO
S3FIFO_OWN,m_0.02,-0.045415,0.002521,-18.012,,SIMULATO
criterio,LRU,-0.031536,0.000683,46.205,delta_GLOB -0.059996; ratio 0.525629; EFFETTO DELLA CACHE (segno −),SIMULATO
criterio,S3FIFO,-0.031393,0.000683,45.970,delta_GLOB -0.081552; ratio 0.384942; EFFETTO DELLA CACHE (segno −),SIMULATO
