run,data,campagna,alpha,beta,ripetizioni,note_configurazione,ruolo,usato_in
"tre-20260909-195138","09-09","sweep esplorativo alpha e beta","varie","varie","2","capienza non registrata","BACKGROUND","-"
"tre-20260910-102940","10-09","sweep interrotto","0.00","0.05","1","1 solo punto","INVALIDA","-"
"tre-20260910-105716","10-09","sweep alpha a carico alto","varie","0.05","3","origine 27-79 rps","BACKGROUND","R1 utilizzazione"
"tre-20260910-212316","10-09","sweep capienza A","0.25","0.02 / 0.20","2","hit umano 0.788; capienza NON registrata","SECONDARIA","FIG-A1"
"tre-20260910-222711","10-09","sweep capienza B","0.25","0.02 / 0.20","2","hit umano 0.772","SECONDARIA","FIG-A1"
"tre-20260910-233102","10-09","sweep capienza C","0.25","0.02 / 0.20","2","hit umano 0.742","SECONDARIA","FIG-A1"
"tre-20260911-003453","11-09","sweep capienza D","0.25","0.02 / 0.20","2","hit umano 0.661","SECONDARIA","FIG-A1"
"tre-20260911-013843","11-09","sweep capienza E","0.25","0.02 / 0.20","2","hit umano 0.583","SECONDARIA","FIG-A1"
"tre-20260911-024234","11-09","sweep beta a volume costante","0.25","0.02-0.30","2","lambda 110 costante","SECONDARIA","motivazione"
"tre-20260911-055256","11-09","sweep alpha","0.00-0.40","0.05","2","tasso errori 4.8-9.0%: oltre il gate","INVALIDA","-"
"tre-20260911-072826","11-09","sweep alpha a carico alto","0.00-0.40","0.05","2","origine fino a 79 rps","BACKGROUND","R1"
"tre-20260911-135930","11-09","esaustiva isolata","1.00","0.00","2","classe sola, finestra 771 s","VALIDAZIONE","C4 costo isolato"
"tre-20260911-143645","11-09","esaustiva isolata","1.00","0.00","2","origine 43.99 rps","VALIDAZIONE","C4"
"tre-20260911-150857","11-09","agentica isolata, cache fredda","0.00","1.00","2","hit 0.898, origine 0.52","VALIDAZIONE","C4"
"tre-20260911-154109","11-09","agentica isolata, cache calda","0.00","1.00","2","hit 0.998, origine 0.035","VALIDAZIONE","C4 — il contrasto con la mistura"
"tre-20260911-161321","11-09","umana isolata","0.00","0.00","2","origine 7.99 rps","VALIDAZIONE","C4"
"tre-20260911-164534","11-09","umana isolata, lambda doppio","0.00","0.00","2","origine 15.31 rps","VALIDAZIONE","C4"
"tre-20260911-171746","11-09","griglia alpha x beta","0.20-0.40","0.05 / 0.20","2","-","BACKGROUND","-"
"tre-20260911-203812","11-09","sweep beta a cache piccola","0.25","0.02-0.30","2","hit umano 0.66","SECONDARIA","FIG-A1"
"tre-20260913-195937","13-09","sweep TTL / budget","0.40","0.05 / 0.20","2","errori ~0","ROBUSTEZZA","R9"
"tre-20260913-210335","13-09","sweep TTL / budget","0.40","0.05 / 0.20","2","errori 7.9%","ROBUSTEZZA","R9"
"tre-20260913-220728","13-09","sweep TTL / budget","0.40","0.05 / 0.20","2","errori 3.0%","ROBUSTEZZA","R9"
"tre-20260913-231122","13-09","sweep TTL / budget","0.40","0.05 / 0.20","2","errori 1.1%","ROBUSTEZZA","R9"
"tre-20260914-001515","14-09","sweep TTL / budget","0.40","0.05 / 0.20","2","errori 0.55%","ROBUSTEZZA","R9"
"tre-20260914-011909","14-09","sweep TTL / budget","0.40","0.05 / 0.20","2","errori 0.20%","ROBUSTEZZA","R9"
"tre-20260914-065458","14-09","invarianza alla durata, 620 s","0.25","0.02","2","origine 39.84","ROBUSTEZZA","controllo di durata"
"tre-20260914-072714","14-09","invarianza alla durata, 1860 s","0.25","0.02","2","origine 40.03","ROBUSTEZZA","controllo di durata"
"tre-20260914-084049","14-09","invarianza alla durata, 3720 s","0.25","0.02","2","origine 40.28","ROBUSTEZZA","controllo di durata"
"tre-20260914-105624","14-09","invarianza alla durata a beta alto","0.25","0.30","2","1860 s, origine 35.01","ROBUSTEZZA","controllo di durata"
"tre-20260914-121000","14-09","variante di capienza","0.00-0.30","0.05","2","hit umano 0.727","BACKGROUND","-"
"tre-20260914-131353","14-09","variante di capienza","0.00-0.30","0.05","2","hit umano 0.829","BACKGROUND","-"
"tre-20260914-141746","14-09","variante di capienza grande","0.00-0.30","0.05","2","hit umano 0.917","BACKGROUND","-"
"tre-20260914-152139","14-09","variante di capienza molto grande","0.00-0.30","0.05","2","hit umano 0.970","BACKGROUND","-"
"tre-20260914-194419","14-09","serie marginale, mappatura condivisa","0.3373","0.0000","2","AGENT_MUL default","SUPERATA","confronto in 4.4"
"tre-20260914-201634","14-09","serie marginale, mappatura condivisa","0.3146","0.0674","2","AGENT_MUL default","SUPERATA","confronto in 4.4"
"tre-20260914-204850","14-09","serie marginale, mappatura condivisa","0.2947","0.1263","2","AGENT_MUL default","SUPERATA","confronto in 4.4"
"tre-20260914-212105","14-09","serie marginale, mappatura condivisa","0.2617","0.2243","2","AGENT_MUL default","SUPERATA","confronto in 4.4"
"tre-20260914-215321","14-09","serie marginale, mappatura condivisa","0.2353","0.3025","2","AGENT_MUL default","SUPERATA","confronto in 4.4"
"tre-20260915-201248","15-09","serie marginale, run degenerato","0.3373","0.0000","5","p99 2269 ms, 162 iterazioni scartate","INVALIDA","-"
"tre-20260915-202350","15-09","serie marginale, run degenerato","0.3373","0.0000","5","stesso difetto","INVALIDA","-"
"tre-20260915-203150","15-09","serie marginale, run degenerato","0.3373","0.0000","5","stesso difetto","INVALIDA","-"
"tre-20260915-213648","15-09","serie marginale a 5 ripetizioni","0.2947","0.1263","5","mappatura condivisa","SUPERATA","-"
"tre-20260915-225700","15-09","serie marginale a 5 ripetizioni","0.2617","0.2243","5","mappatura condivisa","SUPERATA","-"
"tre-20260916-001711","16-09","serie marginale a 5 ripetizioni","0.2353","0.3025","5","mappatura condivisa","SUPERATA","-"
"tre-20260916-013722","16-09","serie crawler, blocco B di marginale2","0.0000","0.1791","3","umano e agente fissi, finestra 1211 s","SECONDARIA","asimmetria fra classi"
"tre-20260916-025527","16-09","serie crawler","0.1728","0.1481","3","finestra 1211 s","SECONDARIA","asimmetria fra classi"
"tre-20260916-041332","16-09","serie crawler","0.2947","0.1263","3","finestra 1211 s","SECONDARIA","asimmetria fra classi"
"tre-20260916-053137","16-09","serie crawler","0.3853","0.1101","3","finestra 1211 s","SECONDARIA","asimmetria fra classi"
"tre-20260916-073843","16-09","serie marginale, ripetizione","0.3373","0.0000","5","mappatura condivisa","SUPERATA","-"
"tre-20260916-085853","16-09","serie marginale, ripetizione","0.2947","0.1263","5","mappatura condivisa","SUPERATA","-"
"tre-20260917-222246","17-09","serie marginale, ripetizione","0.3373","0.0000","5","mappatura condivisa","SUPERATA","-"
"tre-20260917-234246","17-09","serie marginale, ripetizione","0.2947","0.1263","5","mappatura condivisa","SUPERATA","-"
"tre-20260918-010300","18-09","serie marginale, ripetizione","0.2617","0.2243","5","mappatura condivisa","SUPERATA","-"
"tre-20260918-022311","18-09","serie marginale, ripetizione","0.2353","0.3025","5","mappatura condivisa","SUPERATA","-"
"tre-20260918-181439","18-09","frontiera, run interrotto","0.35","0.10","1","1 solo punto","INVALIDA","-"
"tre-20260919-072040","19-09","frontiera — A nessuna politica","0.35","0.10","3","lambda 185, cache 128 MB","PRIMARIA","4.5, FIG-03, FIG-05, C1, FIG-06"
"tre-20260919-080920","19-09","frontiera — B blocco esaustiva","0.35","0.10","3","BLOCK_CLASSES=low","PRIMARIA","4.5, A4, FIG-03, FIG-05, C1, FIG-06"
"tre-20260919-085754","19-09","frontiera — C blocco esaustiva+agentica","0.35","0.10","3","BLOCK_CLASSES=low,agent","PRIMARIA","4.5, A4, FIG-03, FIG-05, C1, FIG-06"
"tre-20260919-094627","19-09","frontiera — rinvio budget 4","0.35","0.10","3","BUDGET_LOW=4","PRIMARIA","4.5, FIG-03, FIG-05, C1, FIG-06"
"tre-20260919-103501","19-09","frontiera — rinvio budget 6","0.35","0.10","3","BUDGET_LOW=6","PRIMARIA","4.5, FIG-03, FIG-05, C1, FIG-06"
"tre-20260920-061512","20-09","frontiera — rinvio budget 3","0.35","0.10","3","BUDGET_LOW=3","PRIMARIA","4.5, FIG-03"
"tre-20260920-070346","20-09","frontiera — rinvio budget 2","0.35","0.10","3","BUDGET_LOW=2","PRIMARIA","4.5, FIG-03"
"tre-20260920-075220","20-09","frontiera — rinvio budget 1","0.35","0.10","3","BUDGET_LOW=1","PRIMARIA","4.5, FIG-03"
"tre-20260920-102015","20-09","separazione working-set","0.3373","0.0000","5","AGENT_MUL NON inoltrato a k6: no-op; a beta=0 nessuna richiesta agentica, valido come punto a 0 req/s agentici; anteriore a env.txt, rate ricostruiti dai JSON di k6 (tools/net_agentic.py): umana 54.92, esaustiva 28.08, lambda 83.00 req/s; origine 36.426","INVALIDA come separazione; PRIMARIA come punto a 0","ritrattazione 3; A9, B2, FIG-05"
"tre-20260920-114026","20-09","separazione working-set","0.2947","0.1263","5","stesso difetto","INVALIDA","ritrattazione 3"
"tre-20260920-130038","20-09","separazione working-set","0.2353","0.3025","5","stesso difetto","INVALIDA","ritrattazione 3"
"tre-20260921-150237","21-09","SEPARAZIONE, mappatura separata","0.2947","0.1263","5","AGENT_MUL=3266489917 verificato in env.txt; AGENT_SCOPE assente = default 0.02","PRIMARIA","4.2, 4.4, A1, FIG-01, FIG-02, FIG-04"
"tre-20260921-162248","21-09","SEPARAZIONE, mappatura separata","0.2353","0.3025","5","AGENT_MUL=3266489917 verificato; AGENT_SCOPE assente = default 0.02","PRIMARIA","4.2, 4.4, A1, A9, FIG-01, FIG-02, FIG-04"
"tre-20260921-214946","21-09","SWEEP SCOPE 0.06","0.2947","0.1263","5","AGENT_SCOPE=0.06 verificato in env.txt","PRIMARIA","4.1, 4.3, A1, FIG-01"
"tre-20260921-230947","21-09","SWEEP SCOPE 0.06","0.2353","0.3025","5","AGENT_SCOPE=0.06 verificato","PRIMARIA","4.1, 4.3, A1, FIG-01"
"tre-20260922-002958","22-09","SWEEP SCOPE 0.20","0.2947","0.1263","5","AGENT_SCOPE=0.20 verificato","PRIMARIA","4.1, 4.3, A1, FIG-01"
"tre-20260922-015010","22-09","SWEEP SCOPE 0.20","0.2353","0.3025","5","AGENT_SCOPE=0.20 verificato","PRIMARIA","4.1, 4.3, A1, FIG-01"
