# commit 318b1c5; docs/PREREG-simulatore-fase2.md emendamento 2 (SCEN); stato SIMULATO
# fonte: nessun dato del lab: books.csv, chapter_sizes.csv, honeypot_contiguity.csv dal repository; Q-REAL p_r 0.190751953 p_c 0.037933502 (fase 2, non ricalibrati)
session,policy,quantity,value,se,t,note,stato
GEN,LRU,m_0.02,-0.030841,0.002233,-13.809,,SIMULATO
GEN,LRU,m_0.06,0.149956,0.002248,66.700,,SIMULATO
GEN,LRU,m_0.20,0.430750,0.002727,157.964,,SIMULATO
GEN,LRU,d12,0.887903,0.044836,19.804,,SIMULATO
GEN,LRU,d36,0.851613,0.057000,14.940,,SIMULATO
GEN,LRU,net_S36_P0,1.197742,0.056364,21.250,"IC95 [1.083561, 1.311923] df 37.219; non negativo",SIMULATO
GEN,LRU,dmiss_h_scope0.02_q12,0.004964,0.000798,6.222,miss_h P0 0.226048,SIMULATO
GEN,LRU,dmiss_h_scope0.02_q36,0.007864,0.000848,9.277,miss_h P0 0.226048,SIMULATO
GEN,LRU,dmiss_h_scope0.06_q12,0.007400,0.000822,9.007,miss_h P0 0.226048,SIMULATO
GEN,LRU,dmiss_h_scope0.06_q36,0.015844,0.000893,17.734,miss_h P0 0.226048,SIMULATO
GEN,LRU,dmiss_h_scope0.20_q12,0.009498,0.000807,11.775,miss_h P0 0.226048,SIMULATO
GEN,LRU,dmiss_h_scope0.20_q36,0.023079,0.000958,24.080,miss_h P0 0.226048,SIMULATO
GEN,LRU,origin_S12,38.399274,0.032469,,miss per classe 0.2310/0.1858/0.8381; oggetti 5199.7,SIMULATO
GEN,LRU,origin_S36,37.659113,0.042645,,miss per classe 0.2339/0.0453/0.8275; oggetti 5217.2,SIMULATO
GEN,LRU,origin_C12,37.511371,0.030919,,miss per classe 0.2255/0.1201/0.8455; oggetti 5162.6,SIMULATO
GEN,LRU,origin_C36,36.807500,0.037821,,miss per classe 0.2240/0.0283/0.8385; oggetti 5164.1,SIMULATO
GEN,LRU,origin_P0,36.461371,0.036855,,miss per classe 0.2260/nan/0.8583; oggetti 5162.4,SIMULATO
GEN,LRU,origin_S12_006,40.694355,0.035225,,miss per classe 0.2334/0.3841/0.8301; oggetti 5200.1,SIMULATO
GEN,LRU,origin_S36_006,44.293145,0.040869,,miss per classe 0.2419/0.2345/0.8053; oggetti 5224.6,SIMULATO
GEN,LRU,origin_S12_020,42.638710,0.036781,,miss per classe 0.2355/0.5467/0.8256; oggetti 5186.1,SIMULATO
GEN,LRU,origin_S36_020,52.976290,0.054128,,miss per classe 0.2491/0.4747/0.7920; oggetti 5201.3,SIMULATO
GEN,LRU,reading,,,,A1 segno regge; dipendenza regge; cambio di segno regge; A3 regge; netto non negativo,SIMULATO
GEN,SIEVE,m_0.02,-0.027347,0.002332,-11.727,,SIMULATO
GEN,SIEVE,m_0.06,-0.004483,0.003014,-1.487,,SIMULATO
GEN,SIEVE,m_0.20,0.340515,0.004532,75.128,,SIMULATO
GEN,SIEVE,d12,0.320806,0.064082,5.006,,SIMULATO
GEN,SIEVE,d36,0.065081,0.037377,1.741,,SIMULATO
GEN,SIEVE,net_S36_P0,-0.417097,0.049602,-8.409,"IC95 [-0.518099, -0.316095] df 32.280; negativo",SIMULATO
GEN,SIEVE,dmiss_h_scope0.02_q12,0.005219,0.000917,5.690,miss_h P0 0.182318,SIMULATO
GEN,SIEVE,dmiss_h_scope0.02_q36,0.005525,0.000826,6.687,miss_h P0 0.182318,SIMULATO
GEN,SIEVE,dmiss_h_scope0.06_q12,0.008077,0.000942,8.574,miss_h P0 0.182318,SIMULATO
GEN,SIEVE,dmiss_h_scope0.06_q36,0.017009,0.000870,19.542,miss_h P0 0.182318,SIMULATO
GEN,SIEVE,dmiss_h_scope0.20_q12,0.009561,0.001005,9.512,miss_h P0 0.182318,SIMULATO
GEN,SIEVE,dmiss_h_scope0.20_q36,0.023220,0.001037,22.388,miss_h P0 0.182318,SIMULATO
GEN,SIEVE,origin_S12,32.662903,0.049190,,miss per classe 0.1875/0.0504/0.7768; oggetti 5197.1,SIMULATO
GEN,SIEVE,origin_S36,32.006613,0.026690,,miss per classe 0.1878/0.0012/0.7728; oggetti 5202.5,SIMULATO
GEN,SIEVE,origin_C12,32.342097,0.041070,,miss per classe 0.1820/0.0277/0.7859; oggetti 5142.1,SIMULATO
GEN,SIEVE,origin_C36,31.941532,0.026167,,miss per classe 0.1814/0.0007/0.7839; oggetti 5140.9,SIMULATO
GEN,SIEVE,origin_P0,32.423710,0.041810,,miss per classe 0.1823/nan/0.8000; oggetti 5147.9,SIMULATO
GEN,SIEVE,origin_S12_006,34.875565,0.043733,,miss per classe 0.1904/0.2478/0.7654; oggetti 5197.8,SIMULATO
GEN,SIEVE,origin_S36_006,34.767984,0.057629,,miss per classe 0.1993/0.0866/0.7390; oggetti 5224.5,SIMULATO
GEN,SIEVE,origin_S12_020,37.657903,0.052039,,miss per classe 0.1919/0.4778/0.7630; oggetti 5186.2,SIMULATO
GEN,SIEVE,origin_S36_020,45.829919,0.095519,,miss per classe 0.2055/0.3919/0.7288; oggetti 5207.9,SIMULATO
GEN,SIEVE,reading,,,,A1 segno regge; dipendenza regge; cambio di segno regge; A3 indeterminato; netto negativo,SIMULATO
GEN,S3FIFO,m_0.02,-0.046252,0.002510,-18.428,,SIMULATO
GEN,S3FIFO,m_0.06,-0.025478,0.002547,-10.004,,SIMULATO
GEN,S3FIFO,m_0.20,0.342024,0.002628,130.124,,SIMULATO
GEN,S3FIFO,d12,0.314919,0.060079,5.242,,SIMULATO
GEN,S3FIFO,d36,-0.035403,0.054999,-0.644,,SIMULATO
GEN,S3FIFO,net_S36_P0,-1.051694,0.063056,-16.679,"IC95 [-1.179488, -0.923899] df 36.731; negativo",SIMULATO
GEN,S3FIFO,dmiss_h_scope0.02_q12,-0.002148,0.000951,-2.260,miss_h P0 0.196379,SIMULATO
GEN,S3FIFO,dmiss_h_scope0.02_q36,-0.004831,0.000956,-5.055,miss_h P0 0.196379,SIMULATO
GEN,S3FIFO,dmiss_h_scope0.06_q12,-0.000193,0.000937,-0.205,miss_h P0 0.196379,SIMULATO
GEN,S3FIFO,dmiss_h_scope0.06_q36,0.004584,0.000905,5.068,miss_h P0 0.196379,SIMULATO
GEN,S3FIFO,dmiss_h_scope0.20_q12,0.000905,0.000937,0.966,miss_h P0 0.196379,SIMULATO
GEN,S3FIFO,dmiss_h_scope0.20_q36,0.010256,0.000888,11.547,miss_h P0 0.196379,SIMULATO
GEN,S3FIFO,origin_S12,34.291129,0.044829,,miss per classe 0.1942/0.0692/0.8137; oggetti 5209.4,SIMULATO
GEN,S3FIFO,origin_S36,33.181129,0.040231,,miss per classe 0.1915/0.0024/0.8059; oggetti 5212.3,SIMULATO
GEN,S3FIFO,origin_C12,33.976210,0.039998,,miss per classe 0.1909/0.0424/0.8205; oggetti 5160.0,SIMULATO
GEN,S3FIFO,origin_C36,33.216532,0.037501,,miss per classe 0.1880/0.0015/0.8153; oggetti 5151.5,SIMULATO
GEN,S3FIFO,origin_P0,34.232823,0.048554,,miss per classe 0.1964/nan/0.8370; oggetti 5147.9,SIMULATO
GEN,S3FIFO,origin_S12_006,36.666129,0.040386,,miss per classe 0.1962/0.2701/0.8084; oggetti 5213.9,SIMULATO
GEN,S3FIFO,origin_S36_006,36.054677,0.045876,,miss per classe 0.2010/0.0895/0.7780; oggetti 5235.7,SIMULATO
GEN,S3FIFO,origin_S12_020,39.499919,0.034636,,miss per classe 0.1973/0.4902/0.8129; oggetti 5193.9,SIMULATO
GEN,S3FIFO,origin_S36_020,47.708145,0.052721,,miss per classe 0.2066/0.3968/0.7875; oggetti 5209.4,SIMULATO
GEN,S3FIFO,reading,,,,A1 segno regge; dipendenza regge; cambio di segno regge; A3 indeterminato; netto negativo,SIMULATO
GEN,WTinyLFU,m_0.02,0.004436,0.002201,2.015,,SIMULATO
GEN,WTinyLFU,m_0.06,0.001630,0.002174,0.750,,SIMULATO
GEN,WTinyLFU,m_0.20,0.308420,0.002829,109.021,,SIMULATO
GEN,WTinyLFU,d12,0.252339,0.056217,4.489,,SIMULATO
GEN,WTinyLFU,d36,0.075806,0.047336,1.601,,SIMULATO
GEN,WTinyLFU,net_S36_P0,0.557984,0.048205,11.575,"IC95 [0.460386, 0.655581] df 37.872; non negativo",SIMULATO
GEN,WTinyLFU,dmiss_h_scope0.02_q12,0.005454,0.000850,6.419,miss_h P0 0.167403,SIMULATO
GEN,WTinyLFU,dmiss_h_scope0.02_q36,0.010090,0.000732,13.784,miss_h P0 0.167403,SIMULATO
GEN,WTinyLFU,dmiss_h_scope0.06_q12,0.007900,0.000837,9.439,miss_h P0 0.167403,SIMULATO
GEN,WTinyLFU,dmiss_h_scope0.06_q36,0.018604,0.000654,28.453,miss_h P0 0.167403,SIMULATO
GEN,WTinyLFU,dmiss_h_scope0.20_q12,0.007838,0.000794,9.875,miss_h P0 0.167403,SIMULATO
GEN,WTinyLFU,dmiss_h_scope0.20_q36,0.020319,0.000785,25.895,miss_h P0 0.167403,SIMULATO
GEN,WTinyLFU,origin_S12,31.759355,0.041185,,miss per classe 0.1729/0.0385/0.7784; oggetti 5820.2,SIMULATO
GEN,WTinyLFU,origin_S36,31.865806,0.033082,,miss per classe 0.1775/0.0011/0.7883; oggetti 5774.0,SIMULATO
GEN,WTinyLFU,origin_C12,31.507016,0.038264,,miss per classe 0.1677/0.0229/0.7861; oggetti 5773.4,SIMULATO
GEN,WTinyLFU,origin_C36,31.790000,0.033857,,miss per classe 0.1716/0.0007/0.7976; oggetti 5728.0,SIMULATO
GEN,WTinyLFU,origin_P0,31.307823,0.035062,,miss per classe 0.1674/nan/0.7894; oggetti 5830.3,SIMULATO
GEN,WTinyLFU,origin_S12_006,33.726935,0.042376,,miss per classe 0.1753/0.2111/0.7698; oggetti 5823.6,SIMULATO
GEN,WTinyLFU,origin_S36_006,33.766048,0.030435,,miss per classe 0.1860/0.0694/0.7515; oggetti 5756.3,SIMULATO
GEN,WTinyLFU,origin_S12_020,36.483306,0.036506,,miss per classe 0.1752/0.4365/0.7715; oggetti 5852.2,SIMULATO
GEN,WTinyLFU,origin_S36_020,43.885081,0.057243,,miss per classe 0.1877/0.3501/0.7483; oggetti 5853.0,SIMULATO
GEN,WTinyLFU,reading,,,,A1 segno indeterminato; dipendenza non regge; cambio di segno non regge; A3 indeterminato; netto non negativo,SIMULATO
REAL,LRU,m_0.02,-0.016516,0.002038,-8.105,,SIMULATO
REAL,LRU,m_0.06,0.143971,0.002634,54.655,,SIMULATO
REAL,LRU,m_0.20,0.353073,0.002596,135.987,,SIMULATO
REAL,LRU,d12,0.832419,0.046706,17.823,,SIMULATO
REAL,LRU,d36,0.898548,0.050019,17.964,,SIMULATO
REAL,LRU,net_S36_P0,1.428468,0.050798,28.120,"IC95 [1.325623, 1.531313] df 37.895; non negativo",SIMULATO
REAL,LRU,dmiss_h_scope0.02_q12,0.004972,0.000819,6.074,miss_h P0 0.226048,SIMULATO
REAL,LRU,dmiss_h_scope0.02_q36,0.007553,0.000893,8.460,miss_h P0 0.226048,SIMULATO
REAL,LRU,dmiss_h_scope0.06_q12,0.006984,0.000821,8.509,miss_h P0 0.226048,SIMULATO
REAL,LRU,dmiss_h_scope0.06_q36,0.014256,0.000871,16.358,miss_h P0 0.226048,SIMULATO
REAL,LRU,dmiss_h_scope0.20_q12,0.008703,0.000848,10.269,miss_h P0 0.226048,SIMULATO
REAL,LRU,dmiss_h_scope0.20_q36,0.020239,0.000866,23.377,miss_h P0 0.226048,SIMULATO
REAL,LRU,origin_S12,38.286210,0.034199,,miss per classe 0.2310/0.1730/0.8395; oggetti 5192.5,SIMULATO
REAL,LRU,origin_S36,37.889839,0.034960,,miss per classe 0.2336/0.0516/0.8282; oggetti 5215.0,SIMULATO
REAL,LRU,origin_C12,37.453790,0.031810,,miss per classe 0.2258/0.1128/0.8459; oggetti 5159.9,SIMULATO
REAL,LRU,origin_C36,36.991290,0.035774,,miss per classe 0.2247/0.0319/0.8390; oggetti 5165.4,SIMULATO
REAL,LRU,origin_P0,36.461371,0.036855,,miss per classe 0.2260/nan/0.8583; oggetti 5162.4,SIMULATO
REAL,LRU,origin_S12_006,40.108065,0.039385,,miss per classe 0.2330/0.3309/0.8329; oggetti 5191.3,SIMULATO
REAL,LRU,origin_S36_006,43.563226,0.049450,,miss per classe 0.2403/0.2137/0.8092; oggetti 5221.0,SIMULATO
REAL,LRU,origin_S12_020,41.599032,0.040465,,miss per classe 0.2348/0.4559/0.8292; oggetti 5179.3,SIMULATO
REAL,LRU,origin_S36_020,50.072419,0.047384,,miss per classe 0.2463/0.3941/0.7976; oggetti 5195.5,SIMULATO
REAL,LRU,reading,,,,A1 segno regge; dipendenza regge; cambio di segno regge; A3 regge; netto non negativo,SIMULATO
REAL,SIEVE,m_0.02,-0.024618,0.002106,-11.687,,SIMULATO
REAL,SIEVE,m_0.06,-0.011785,0.002299,-5.127,,SIMULATO
REAL,SIEVE,m_0.20,0.313454,0.002961,105.845,,SIMULATO
REAL,SIEVE,d12,0.293387,0.048559,6.042,,SIMULATO
REAL,SIEVE,d36,0.056290,0.045802,1.229,,SIMULATO
REAL,SIEVE,net_S36_P0,-0.424355,0.055666,-7.623,"IC95 [-0.537105, -0.311605] df 37.385; negativo",SIMULATO
REAL,SIEVE,dmiss_h_scope0.02_q12,0.005159,0.000856,6.026,miss_h P0 0.182318,SIMULATO
REAL,SIEVE,dmiss_h_scope0.02_q36,0.005473,0.000885,6.186,miss_h P0 0.182318,SIMULATO
REAL,SIEVE,dmiss_h_scope0.06_q12,0.008593,0.000862,9.970,miss_h P0 0.182318,SIMULATO
REAL,SIEVE,dmiss_h_scope0.06_q36,0.016286,0.000911,17.869,miss_h P0 0.182318,SIMULATO
REAL,SIEVE,dmiss_h_scope0.20_q12,0.011291,0.000822,13.730,miss_h P0 0.182318,SIMULATO
REAL,SIEVE,dmiss_h_scope0.20_q36,0.028086,0.000901,31.182,miss_h P0 0.182318,SIMULATO
REAL,SIEVE,origin_S12,32.590161,0.034712,,miss per classe 0.1875/0.0459/0.7761; oggetti 5205.8,SIMULATO
REAL,SIEVE,origin_S36,31.999355,0.036751,,miss per classe 0.1878/0.0019/0.7718; oggetti 5219.4,SIMULATO
REAL,SIEVE,origin_C12,32.296774,0.033957,,miss per classe 0.1819/0.0254/0.7854; oggetti 5154.6,SIMULATO
REAL,SIEVE,origin_C36,31.943065,0.027335,,miss per classe 0.1816/0.0010/0.7830; oggetti 5161.8,SIMULATO
REAL,SIEVE,origin_P0,32.423710,0.041810,,miss per classe 0.1823/nan/0.8000; oggetti 5147.9,SIMULATO
REAL,SIEVE,origin_S12_006,34.359355,0.038657,,miss per classe 0.1909/0.2094/0.7624; oggetti 5205.5,SIMULATO
REAL,SIEVE,origin_S36_006,34.076532,0.039355,,miss per classe 0.1986/0.0710/0.7358; oggetti 5241.5,SIMULATO
REAL,SIEVE,origin_S12_020,36.668790,0.039279,,miss per classe 0.1936/0.4070/0.7549; oggetti 5192.0,SIMULATO
REAL,SIEVE,origin_S36_020,44.191371,0.059231,,miss per classe 0.2104/0.3467/0.7191; oggetti 5220.4,SIMULATO
REAL,SIEVE,reading,,,,A1 segno regge; dipendenza regge; cambio di segno regge; A3 indeterminato; netto negativo,SIMULATO
REAL,S3FIFO,m_0.02,-0.043107,0.002084,-20.685,,SIMULATO
REAL,S3FIFO,m_0.06,-0.012101,0.002404,-5.034,,SIMULATO
REAL,S3FIFO,m_0.20,0.277710,0.002951,94.117,,SIMULATO
REAL,S3FIFO,d12,0.320887,0.050085,6.407,,SIMULATO
REAL,S3FIFO,d36,-0.016210,0.046790,-0.346,,SIMULATO
REAL,S3FIFO,net_S36_P0,-0.989355,0.060042,-16.478,"IC95 [-1.111282, -0.867427] df 34.709; negativo",SIMULATO
REAL,S3FIFO,dmiss_h_scope0.02_q12,-0.001619,0.000926,-1.748,miss_h P0 0.196379,SIMULATO
REAL,S3FIFO,dmiss_h_scope0.02_q36,-0.004287,0.000914,-4.691,miss_h P0 0.196379,SIMULATO
REAL,S3FIFO,dmiss_h_scope0.06_q12,-0.000528,0.000945,-0.559,miss_h P0 0.196379,SIMULATO
REAL,S3FIFO,dmiss_h_scope0.06_q36,0.003994,0.000951,4.199,miss_h P0 0.196379,SIMULATO
REAL,S3FIFO,dmiss_h_scope0.20_q12,0.000606,0.000983,0.616,miss_h P0 0.196379,SIMULATO
REAL,S3FIFO,dmiss_h_scope0.20_q36,0.009617,0.000946,10.169,miss_h P0 0.196379,SIMULATO
REAL,S3FIFO,origin_S12,34.277984,0.035408,,miss per classe 0.1948/0.0649/0.8140; oggetti 5198.6,SIMULATO
REAL,S3FIFO,origin_S36,33.243468,0.035319,,miss per classe 0.1921/0.0033/0.8059; oggetti 5206.1,SIMULATO
REAL,S3FIFO,origin_C12,33.957097,0.035423,,miss per classe 0.1913/0.0390/0.8204; oggetti 5154.9,SIMULATO
REAL,S3FIFO,origin_C36,33.259677,0.030690,,miss per classe 0.1884/0.0022/0.8153; oggetti 5157.8,SIMULATO
REAL,S3FIFO,origin_P0,34.232823,0.048554,,miss per classe 0.1964/nan/0.8370; oggetti 5147.9,SIMULATO
REAL,S3FIFO,origin_S12_006,36.197097,0.036606,,miss per classe 0.1959/0.2315/0.8089; oggetti 5201.3,SIMULATO
REAL,S3FIFO,origin_S36_006,35.906694,0.044590,,miss per classe 0.2004/0.0844/0.7804; oggetti 5233.1,SIMULATO
REAL,S3FIFO,origin_S12_020,38.537177,0.045051,,miss per classe 0.1970/0.4122/0.8127; oggetti 5186.5,SIMULATO
REAL,S3FIFO,origin_S36_020,45.201935,0.054635,,miss per classe 0.2060/0.3274/0.7885; oggetti 5205.9,SIMULATO
REAL,S3FIFO,reading,,,,A1 segno regge; dipendenza regge; cambio di segno regge; A3 indeterminato; netto negativo,SIMULATO
REAL,WTinyLFU,m_0.02,0.001314,0.002023,0.649,,SIMULATO
REAL,WTinyLFU,m_0.06,0.013152,0.002388,5.507,,SIMULATO
REAL,WTinyLFU,m_0.20,0.280811,0.002635,106.585,,SIMULATO
REAL,WTinyLFU,d12,0.308145,0.044647,6.902,,SIMULATO
REAL,WTinyLFU,d36,0.059435,0.045817,1.297,,SIMULATO
REAL,WTinyLFU,net_S36_P0,0.575887,0.049927,11.535,"IC95 [0.474814, 0.676960] df 37.993; non negativo",SIMULATO
REAL,WTinyLFU,dmiss_h_scope0.02_q12,0.006116,0.000742,8.242,miss_h P0 0.167403,SIMULATO
REAL,WTinyLFU,dmiss_h_scope0.02_q36,0.010130,0.000829,12.218,miss_h P0 0.167403,SIMULATO
REAL,WTinyLFU,dmiss_h_scope0.06_q12,0.008103,0.000755,10.737,miss_h P0 0.167403,SIMULATO
REAL,WTinyLFU,dmiss_h_scope0.06_q36,0.019169,0.000791,24.233,miss_h P0 0.167403,SIMULATO
REAL,WTinyLFU,dmiss_h_scope0.20_q12,0.008844,0.000710,12.457,miss_h P0 0.167403,SIMULATO
REAL,WTinyLFU,dmiss_h_scope0.20_q36,0.021427,0.000766,27.978,miss_h P0 0.167403,SIMULATO
REAL,WTinyLFU,origin_S12,31.852177,0.033076,,miss per classe 0.1735/0.0420/0.7789; oggetti 5811.5,SIMULATO
REAL,WTinyLFU,origin_S36,31.883710,0.035544,,miss per classe 0.1775/0.0018/0.7879; oggetti 5781.6,SIMULATO
REAL,WTinyLFU,origin_C12,31.544032,0.029989,,miss per classe 0.1678/0.0251/0.7863; oggetti 5776.1,SIMULATO
REAL,WTinyLFU,origin_C36,31.824274,0.028909,,miss per classe 0.1719/0.0011/0.7976; oggetti 5738.8,SIMULATO
REAL,WTinyLFU,origin_P0,31.307823,0.035062,,miss per classe 0.1674/nan/0.7894; oggetti 5830.3,SIMULATO
REAL,WTinyLFU,origin_S12_006,33.673145,0.040156,,miss per classe 0.1755/0.2025/0.7712; oggetti 5814.4,SIMULATO
REAL,WTinyLFU,origin_S36_006,33.988790,0.040901,,miss per classe 0.1866/0.0726/0.7542; oggetti 5743.7,SIMULATO
REAL,WTinyLFU,origin_S12_020,35.998065,0.042237,,miss per classe 0.1762/0.3944/0.7704; oggetti 5823.4,SIMULATO
REAL,WTinyLFU,origin_S36_020,42.737258,0.047052,,miss per classe 0.1888/0.3186/0.7456; oggetti 5825.9,SIMULATO
REAL,WTinyLFU,reading,,,,A1 segno indeterminato; dipendenza regge; cambio di segno non regge; A3 indeterminato; netto non negativo,SIMULATO
